Serial	Date	Open	High	Low	Close	Volume	Adj Close	code	name	market
0	2014-04-29	15.14	16.3	15.1	16.26	1112000	16.26	300069	金利华电	SZ
1	2014-04-28	14.71	15.19	14.51	15.15	757900	15.15	300069	金利华电	SZ
2	2014-04-25	16	16.14	14.88	15.19	2743000	15.19	300069	金利华电	SZ
3	2014-04-24	16.18	16.42	16.1	16.14	1061200	16.14	300069	金利华电	SZ
4	2014-04-23	16.2	16.57	16.13	16.33	860200	16.33	300069	金利华电	SZ
5	2014-04-22	16.09	16.58	15.7	16.38	1612400	16.38	300069	金利华电	SZ
6	2014-04-21	15.35	16.37	15.25	16.09	1700900	16.09	300069	金利华电	SZ
7	2014-04-18	15.07	15.5	15.07	15.35	550200	15.35	300069	金利华电	SZ
8	2014-04-17	15.25	15.35	15.08	15.21	449500	15.21	300069	金利华电	SZ
9	2014-04-16	15	15.18	14.9	15.15	410900	15.15	300069	金利华电	SZ
10	2014-04-15	14.86	15.27	14.6	15.17	967400	15.17	300069	金利华电	SZ
11	2014-04-14	15.64	15.67	15	15.19	769300	15.19	300069	金利华电	SZ
12	2014-04-11	15.14	15.5	15	15.41	605100	15.41	300069	金利华电	SZ
13	2014-04-10	15.47	15.5	15.19	15.38	798500	15.38	300069	金利华电	SZ
14	2014-04-09	15.17	15.31	14.85	15.28	760000	15.28	300069	金利华电	SZ
15	2014-04-08	14.7	14.98	14.3	14.94	691900	14.94	300069	金利华电	SZ
17	2014-04-04	14.5	14.8	14.18	14.62	320500	14.62	300069	金利华电	SZ
18	2014-04-03	14.6	15	14.1	14.6	915000	14.6	300069	金利华电	SZ
19	2014-04-02	15.03	15.22	14.1	14.51	817300	14.51	300069	金利华电	SZ
20	2014-04-01	14.65	15	14.57	14.97	488100	14.97	300069	金利华电	SZ
21	2014-03-31	14.85	14.86	14.4	14.65	342900	14.65	300069	金利华电	SZ
22	2014-03-28	15.75	15.76	14.31	14.7	1964900	14.7	300069	金利华电	SZ
23	2014-03-27	17	17	15.8	15.9	681300	15.9	300069	金利华电	SZ
24	2014-03-26	16.45	16.58	16.08	16.19	463400	16.19	300069	金利华电	SZ
25	2014-03-25	16.77	16.95	16.1	16.39	608500	16.39	300069	金利华电	SZ
26	2014-03-24	16.99	17.2	16.55	16.82	463900	16.82	300069	金利华电	SZ
27	2014-03-21	16	16.9	16	16.89	670500	16.89	300069	金利华电	SZ
28	2014-03-20	17.16	17.26	16.5	16.66	756400	16.66	300069	金利华电	SZ
29	2014-03-19	16.88	17.24	16.88	17.07	770200	17.07	300069	金利华电	SZ
30	2014-03-18	16.57	17.26	16.41	17.06	1732600	17.06	300069	金利华电	SZ
31	2014-03-17	15.41	16.44	15.32	16.44	1138000	16.44	300069	金利华电	SZ
32	2014-03-14	15.64	15.64	15.23	15.41	623100	15.41	300069	金利华电	SZ
33	2014-03-13	15.48	15.79	15.41	15.51	873300	15.51	300069	金利华电	SZ
34	2014-03-12	15.7	15.7	15.26	15.6	627400	15.6	300069	金利华电	SZ
35	2014-03-11	15.8	16.18	15.38	15.42	1020600	15.42	300069	金利华电	SZ
36	2014-03-10	16.28	16.28	15.41	15.67	735100	15.67	300069	金利华电	SZ
37	2014-03-07	16.08	16.76	16.03	16.17	1669200	16.17	300069	金利华电	SZ
38	2014-03-06	15.86	16.11	15.66	16.08	1384500	16.08	300069	金利华电	SZ
39	2014-03-05	15.86	15.96	15.53	15.84	1241600	15.84	300069	金利华电	SZ
40	2014-03-04	16.27	16.77	15.52	15.95	3565600	15.95	300069	金利华电	SZ
41	2014-03-03	16.2	16.98	16.02	16.34	2519400	16.34	300069	金利华电	SZ
42	2014-02-28	16.88	17.5	15.9	16.46	4253700	16.46	300069	金利华电	SZ
43	2014-02-27	17.65	18.14	16.5	17.17	6030300	17.17	300069	金利华电	SZ
44	2014-02-26	15.07	16.49	15.01	16.49	4195500	16.49	300069	金利华电	SZ
45	2014-02-25	14.21	15.79	14.21	15.2	4486700	15.2	300069	金利华电	SZ
46	2014-02-24	15.2	15.79	15.01	15.39	2102100	15.39	300069	金利华电	SZ
47	2014-02-21	15.11	15.45	14.95	15.16	1867700	15.16	300069	金利华电	SZ
48	2014-02-20	15.68	15.7	14.66	15.15	2973400	15.15	300069	金利华电	SZ
49	2014-02-19	15.3	15.47	14.81	15.41	4769400	15.41	300069	金利华电	SZ
50	2014-02-18	13.9	15.22	13.81	15.22	9011700	15.22	300069	金利华电	SZ
51	2014-02-17	12.66	13.84	12.5	13.84	6134500	13.84	300069	金利华电	SZ
52	2014-02-14	12.66	12.79	12.03	12.58	3802800	12.58	300069	金利华电	SZ
53	2014-02-13	14.01	14.01	12.71	12.71	6048500	12.71	300069	金利华电	SZ
54	2014-02-12	13.91	14.28	13.68	13.75	6042100	13.75	300069	金利华电	SZ
55	2014-02-11	13.4	14	13.3	13.65	4711200	13.65	300069	金利华电	SZ
56	2014-02-10	13.43	13.98	13.25	13.56	5341300	13.56	300069	金利华电	SZ
57	2014-02-07	13.24	13.59	13.1	13.59	2262900	13.59	300069	金利华电	SZ
62	2014-01-30	13.48	14.09	13.15	13.19	2245000	13.19	300069	金利华电	SZ
63	2014-01-29	13.26	13.76	13.18	13.5	1758600	13.5	300069	金利华电	SZ
64	2014-01-28	13.39	13.64	13.2	13.31	1349800	13.31	300069	金利华电	SZ
65	2014-01-27	13.16	13.65	12.91	13.39	2368600	13.39	300069	金利华电	SZ
66	2014-01-24	13.13	13.28	13.12	13.2	1171600	13.2	300069	金利华电	SZ
67	2014-01-23	13.36	13.7	13.1	13.25	2552100	13.25	300069	金利华电	SZ
68	2014-01-22	13.53	13.53	13.21	13.34	1472000	13.34	300069	金利华电	SZ
69	2014-01-21	13.01	13.4	12.91	13.4	1755200	13.4	300069	金利华电	SZ
70	2014-01-20	12.94	13.28	12.72	13.17	1707000	13.17	300069	金利华电	SZ
71	2014-01-17	13.5	13.6	12.83	12.93	4864000	12.93	300069	金利华电	SZ
72	2014-01-16	13.31	13.56	13.22	13.55	2120800	13.55	300069	金利华电	SZ
73	2014-01-15	12.97	13.91	12.95	13.45	3158300	13.45	300069	金利华电	SZ
74	2014-01-14	13.02	13.5	12.85	13.14	3311100	13.14	300069	金利华电	SZ
75	2014-01-13	12.8	13.2	12.53	13.16	2599500	13.16	300069	金利华电	SZ
76	2014-01-10	12.76	13.34	12.72	12.74	4139000	12.74	300069	金利华电	SZ
77	2014-01-09	13.19	13.19	12.63	12.8	6060700	12.8	300069	金利华电	SZ
78	2014-01-08	11.92	13	11.92	13	10022300	13	300069	金利华电	SZ
79	2014-01-07	10.78	11.83	10.62	11.82	5363000	11.82	300069	金利华电	SZ
80	2014-01-06	11.6	11.66	10.88	10.9	3421900	10.9	300069	金利华电	SZ
81	2014-01-03	11.2	12.06	11.05	11.53	4917000	11.53	300069	金利华电	SZ
82	2014-01-02	10.78	11.45	10.65	11.2	5152500	11.2	300069	金利华电	SZ
84	2013-12-31	11.08	11.29	10.71	10.78	5280200	10.78	300069	金利华电	SZ
85	2013-12-30	10.73	11.47	10.6	11.3	11841300	11.3	300069	金利华电	SZ
86	2013-12-27	10.05	10.43	10.05	10.43	2325400	10.43	300069	金利华电	SZ
87	2013-12-26	9.85	10.18	9.48	9.48	2410200	9.48	300069	金利华电	SZ
88	2013-12-25	9.7	10	9.6	9.83	1778300	9.83	300069	金利华电	SZ
89	2013-12-24	9.35	9.9	9.35	9.57	1926600	9.57	300069	金利华电	SZ
90	2013-12-23	9.83	9.85	9.47	9.58	1099800	9.58	300069	金利华电	SZ
91	2013-12-20	9.97	10.09	9.8	9.83	911200	9.83	300069	金利华电	SZ
92	2013-12-19	10.1	10.3	9.99	9.99	1811000	9.99	300069	金利华电	SZ
93	2013-12-18	9.88	10.07	9.8	10.05	1410400	10.05	300069	金利华电	SZ
94	2013-12-17	10.19	10.23	9.8	9.86	2805800	9.86	300069	金利华电	SZ
95	2013-12-16	10.4	10.69	10.07	10.21	4755000	10.21	300069	金利华电	SZ
96	2013-12-13	10.31	10.36	10.15	10.36	1220500	10.36	300069	金利华电	SZ
97	2013-12-12	10.06	10.35	10.01	10.33	1689600	10.33	300069	金利华电	SZ
98	2013-12-11	10.15	10.27	10.09	10.13	1699500	10.13	300069	金利华电	SZ
99	2013-12-10	10.06	10.24	10.03	10.08	758600	10.08	300069	金利华电	SZ
100	2013-12-09	9.99	10.18	9.96	10.13	805900	10.13	300069	金利华电	SZ
101	2013-12-06	10.02	10.05	9.94	9.99	681300	9.99	300069	金利华电	SZ
102	2013-12-05	9.9	10.05	9.83	10.05	1000000	10.05	300069	金利华电	SZ
103	2013-12-04	9.77	10.18	9.65	10	1275900	10	300069	金利华电	SZ
104	2013-12-03	9.78	9.85	9.38	9.81	1193200	9.81	300069	金利华电	SZ
105	2013-12-02	10.3	10.3	9.64	9.64	2436100	9.64	300069	金利华电	SZ
106	2013-11-29	10.27	10.85	10.27	10.71	2993800	10.71	300069	金利华电	SZ
107	2013-11-28	10.25	10.41	10.18	10.27	1792900	10.27	300069	金利华电	SZ
108	2013-11-27	10.08	10.37	10.08	10.24	2215700	10.24	300069	金利华电	SZ
109	2013-11-26	9.85	10.06	9.85	10.06	1064000	10.06	300069	金利华电	SZ
110	2013-11-25	9.92	10.05	9.82	9.94	663400	9.94	300069	金利华电	SZ
111	2013-11-22	10.07	10.07	9.89	9.95	848900	9.95	300069	金利华电	SZ
112	2013-11-21	9.95	10.16	9.75	10.09	1853000	10.09	300069	金利华电	SZ
113	2013-11-20	9.9	9.96	9.77	9.94	962700	9.94	300069	金利华电	SZ
114	2013-11-19	9.95	9.95	9.7	9.9	840000	9.9	300069	金利华电	SZ
115	2013-11-18	9.83	9.94	9.75	9.93	944700	9.93	300069	金利华电	SZ
116	2013-11-15	9.59	9.84	9.52	9.75	1065600	9.75	300069	金利华电	SZ
117	2013-11-14	9.29	9.63	9.23	9.59	892500	9.59	300069	金利华电	SZ
118	2013-11-13	9.45	9.45	9.2	9.28	454100	9.28	300069	金利华电	SZ
119	2013-11-12	9.3	9.56	9.28	9.47	777000	9.47	300069	金利华电	SZ
120	2013-11-11	9.21	9.33	9.1	9.3	259000	9.3	300069	金利华电	SZ
121	2013-11-08	9.33	9.4	9.13	9.19	342000	9.19	300069	金利华电	SZ
122	2013-11-07	9.32	9.4	9.17	9.4	417200	9.4	300069	金利华电	SZ
123	2013-11-06	9.29	9.44	9.25	9.27	395900	9.27	300069	金利华电	SZ
124	2013-11-05	9.15	9.35	9.11	9.33	274200	9.33	300069	金利华电	SZ
125	2013-11-04	9.19	9.28	9.14	9.24	398500	9.24	300069	金利华电	SZ
126	2013-11-01	9.1	9.22	9.06	9.17	444000	9.17	300069	金利华电	SZ
127	2013-10-31	9.33	9.33	9.08	9.15	706500	9.15	300069	金利华电	SZ
128	2013-10-30	9.1	9.35	9.06	9.32	713700	9.32	300069	金利华电	SZ
129	2013-10-29	9.71	9.8	9.04	9.13	1395300	9.13	300069	金利华电	SZ
130	2013-10-28	9.64	9.86	9.51	9.71	834400	9.71	300069	金利华电	SZ
131	2013-10-25	9.98	10.18	9.77	9.86	1143200	9.86	300069	金利华电	SZ
132	2013-10-24	9.86	9.86	9.63	9.8	372000	9.8	300069	金利华电	SZ
133	2013-10-23	10.21	10.21	9.71	9.83	1022200	9.83	300069	金利华电	SZ
134	2013-10-22	10.28	10.28	10.06	10.21	1149500	10.21	300069	金利华电	SZ
135	2013-10-21	10.06	10.35	9.9	10.23	1492400	10.23	300069	金利华电	SZ
136	2013-10-18	9.74	10.2	9.69	10.08	827600	10.08	300069	金利华电	SZ
137	2013-10-17	9.63	9.81	9.59	9.74	624900	9.74	300069	金利华电	SZ
138	2013-10-16	9.99	10.05	9.56	9.65	678900	9.65	300069	金利华电	SZ
139	2013-10-15	10.29	10.29	9.9	10.05	1285700	10.05	300069	金利华电	SZ
140	2013-10-14	10.08	10.4	10.03	10.3	1287900	10.3	300069	金利华电	SZ
141	2013-10-11	10.09	10.18	9.98	10.08	878200	10.08	300069	金利华电	SZ
142	2013-10-10	10.05	10.4	10.03	10.08	1542400	10.08	300069	金利华电	SZ
143	2013-10-09	9.76	10.07	9.76	10.03	749000	10.03	300069	金利华电	SZ
144	2013-10-08	9.69	9.9	9.69	9.84	448300	9.84	300069	金利华电	SZ
150	2013-09-30	9.51	9.71	9.49	9.69	419700	9.69	300069	金利华电	SZ
151	2013-09-27	9.61	9.65	9.46	9.47	507200	9.47	300069	金利华电	SZ
152	2013-09-26	9.65	9.77	9.6	9.61	418400	9.61	300069	金利华电	SZ
153	2013-09-25	9.88	9.88	9.67	9.74	652500	9.74	300069	金利华电	SZ
154	2013-09-24	9.86	9.93	9.75	9.82	682600	9.82	300069	金利华电	SZ
155	2013-09-23	9.77	9.92	9.71	9.9	830000	9.9	300069	金利华电	SZ
157	2013-09-18	9.85	9.85	9.6	9.74	400400	9.74	300069	金利华电	SZ
158	2013-09-17	9.78	9.96	9.65	9.77	381100	9.77	300069	金利华电	SZ
159	2013-09-16	9.8	9.88	9.75	9.83	606000	9.83	300069	金利华电	SZ
160	2013-09-13	10.4	10.4	9.71	9.85	1025100	9.85	300069	金利华电	SZ
161	2013-09-12	9.63	9.74	9.4	9.67	569000	9.67	300069	金利华电	SZ
162	2013-09-11	9.84	9.87	9.53	9.61	899900	9.61	300069	金利华电	SZ
163	2013-09-10	9.9	10.03	9.75	9.81	1050900	9.81	300069	金利华电	SZ
164	2013-09-09	10.07	10.07	9.75	9.93	1046400	9.93	300069	金利华电	SZ
165	2013-09-06	10.14	10.18	9.98	10.07	482700	10.07	300069	金利华电	SZ
166	2013-09-05	10.04	10.19	9.94	10.15	942100	10.15	300069	金利华电	SZ
167	2013-09-04	10.12	10.12	9.89	10	637300	10	300069	金利华电	SZ
168	2013-09-03	10.06	10.16	9.9	10.11	765100	10.11	300069	金利华电	SZ
169	2013-09-02	9.63	10.06	9.6	10.06	631600	10.06	300069	金利华电	SZ
170	2013-08-30	10.01	10.03	9.73	9.76	1039400	9.76	300069	金利华电	SZ
171	2013-08-29	10.2	10.23	9.95	10	1024700	10	300069	金利华电	SZ
172	2013-08-28	10.49	10.49	10.01	10.2	1159800	10.2	300069	金利华电	SZ
173	2013-08-27	10.46	10.55	10.28	10.49	1102400	10.49	300069	金利华电	SZ
174	2013-08-26	10.34	10.58	10.31	10.56	990000	10.56	300069	金利华电	SZ
175	2013-08-23	10.71	10.75	10.25	10.32	1829900	10.32	300069	金利华电	SZ
176	2013-08-22	10.72	10.94	10.68	10.73	1515100	10.73	300069	金利华电	SZ
177	2013-08-21	10.61	10.79	10.51	10.75	1472700	10.75	300069	金利华电	SZ
178	2013-08-20	10.4	10.68	10.4	10.61	1524700	10.61	300069	金利华电	SZ
179	2013-08-19	10.25	10.56	10.22	10.55	1335000	10.55	300069	金利华电	SZ
180	2013-08-16	10.6	10.96	10.28	10.3	2469400	10.3	300069	金利华电	SZ
181	2013-08-15	10.6	10.77	10.51	10.76	2285500	10.76	300069	金利华电	SZ
182	2013-08-14	10.75	11.3	10.66	10.78	4612100	10.78	300069	金利华电	SZ
183	2013-08-13	10.78	10.98	10.52	10.85	5207200	10.85	300069	金利华电	SZ
184	2013-08-12	10.2	11.07	10.03	11.07	7051000	11.07	300069	金利华电	SZ
185	2013-08-09	10.12	10.12	9.76	10.06	1044700	10.06	300069	金利华电	SZ
186	2013-08-08	9.85	10.18	9.73	10.06	1440100	10.06	300069	金利华电	SZ
187	2013-08-07	10.27	10.27	9.76	9.85	1906700	9.85	300069	金利华电	SZ
188	2013-08-06	10.24	10.38	10.06	10.22	1788800	10.22	300069	金利华电	SZ
189	2013-08-05	10.3	10.35	10.06	10.24	2853300	10.24	300069	金利华电	SZ
190	2013-08-02	9.6	10.58	9.57	10.5	4324000	10.5	300069	金利华电	SZ
191	2013-08-01	9.16	9.62	9.08	9.62	1349000	9.62	300069	金利华电	SZ
192	2013-07-31	9.21	9.24	9.01	9.13	570200	9.13	300069	金利华电	SZ
193	2013-07-30	9.1	9.25	8.73	9.17	1254800	9.17	300069	金利华电	SZ
194	2013-07-29	9.4	9.51	9	9.03	1234800	9.03	300069	金利华电	SZ
195	2013-07-26	9.79	9.99	9.3	9.52	1179400	9.52	300069	金利华电	SZ
196	2013-07-25	10.3	10.31	9.29	9.69	1372400	9.69	300069	金利华电	SZ
197	2013-07-24	10.38	10.46	10.01	10.32	1785500	10.32	300069	金利华电	SZ
198	2013-07-23	10.35	10.44	10.08	10.4	1793600	10.4	300069	金利华电	SZ
199	2013-07-22	9.89	10.4	9.7	10.26	1119400	10.26	300069	金利华电	SZ
200	2013-07-19	10.07	10.4	9.94	9.94	1452200	9.94	300069	金利华电	SZ
201	2013-07-18	9.88	10.32	9.73	10.07	1801500	10.07	300069	金利华电	SZ
202	2013-07-17	10.19	10.6	9.86	10	3054900	10	300069	金利华电	SZ
203	2013-07-16	9.55	10.12	9.5	10.12	2870000	10.12	300069	金利华电	SZ
204	2013-07-15	9.36	9.58	9.28	9.54	1291100	9.54	300069	金利华电	SZ
205	2013-07-12	9.28	9.69	9.2	9.29	1297500	9.29	300069	金利华电	SZ
206	2013-07-11	9.29	9.51	9.16	9.39	1317200	9.39	300069	金利华电	SZ
207	2013-07-10	9.06	9.67	9.06	9.33	1656800	9.33	300069	金利华电	SZ
208	2013-07-09	8.45	9.03	8.42	9.01	1557700	9.01	300069	金利华电	SZ
209	2013-07-08	8.6	8.6	8.21	8.45	718800	8.45	300069	金利华电	SZ
210	2013-07-05	9.12	9.12	8.7	8.76	817000	8.76	300069	金利华电	SZ
211	2013-07-04	9.26	9.29	9.03	9.19	977000	6	300069	金利华电	SZ
212	2013-07-03	9.19	9.3	8.93	9.27	888800	6.06	300069	金利华电	SZ
213	2013-07-02	9.12	9.17	8.96	9.15	1009500	5.98	300069	金利华电	SZ
214	2013-07-01	8.63	9.13	8.56	9.1	939500	5.95	300069	金利华电	SZ
215	2013-06-28	8.35	8.61	8.35	8.51	633800	5.56	300069	金利华电	SZ
216	2013-06-27	8.67	8.87	8.34	8.38	822900	5.48	300069	金利华电	SZ
217	2013-06-26	8.44	8.77	8.26	8.71	1042200	5.7	300069	金利华电	SZ
218	2013-06-25	8.45	8.55	7.74	8.41	810500	5.49	300069	金利华电	SZ
219	2013-06-24	9.03	9.21	8.13	8.54	539300	5.58	300069	金利华电	SZ
220	2013-06-21	8.93	9.13	8.67	9.04	315100	5.91	300069	金利华电	SZ
221	2013-06-20	9.25	9.25	9.04	9.18	402000	6	300069	金利华电	SZ
222	2013-06-19	9.23	9.29	9.11	9.26	325800	6.05	300069	金利华电	SZ
223	2013-06-18	9.2	9.27	9.03	9.26	440300	6.05	300069	金利华电	SZ
224	2013-06-17	9.15	9.3	9.11	9.21	727500	6.02	300069	金利华电	SZ
225	2013-06-14	8.96	9.18	8.8	9.15	601500	5.98	300069	金利华电	SZ
226	2013-06-13	8.92	8.92	8.65	8.79	312900	5.75	300069	金利华电	SZ
230	2013-06-07	9.12	9.13	8.74	8.93	433500	5.84	300069	金利华电	SZ
231	2013-06-06	9.21	9.26	9.03	9.07	482100	5.93	300069	金利华电	SZ
232	2013-06-05	9.13	9.31	9.13	9.29	475600	6.07	300069	金利华电	SZ
233	2013-06-04	9.63	9.65	9.19	9.22	915800	6.03	300069	金利华电	SZ
234	2013-06-03	9.79	9.91	9.63	9.69	596000	6.33	300069	金利华电	SZ
235	2013-05-31	9.79	9.9	9.68	9.77	840400	6.39	300069	金利华电	SZ
236	2013-05-30	9.7	9.82	9.62	9.77	720000	6.38	300069	金利华电	SZ
237	2013-05-29	9.77	9.89	9.7	9.79	854800	6.4	300069	金利华电	SZ
238	2013-05-28	9.86	9.89	9.63	9.79	1037000	6.4	300069	金利华电	SZ
239	2013-05-27	9.71	10.03	9.71	9.89	1583700	6.47	300069	金利华电	SZ
240	2013-05-24	9.56	9.71	9.55	9.7	770600	6.34	300069	金利华电	SZ
241	2013-05-23	9.47	9.73	9.33	9.55	911300	6.24	300069	金利华电	SZ
242	2013-05-22	9.85	9.89	9.47	9.49	1486500	6.2	300069	金利华电	SZ
243	2013-05-21	9.9	9.9	9.73	9.89	1075300	6.47	300069	金利华电	SZ
244	2013-05-20	9.67	9.92	9.53	9.89	1391300	6.46	300069	金利华电	SZ
245	2013-05-17	9.45	9.73	9.35	9.62	1368900	6.29	300069	金利华电	SZ
246	2013-05-16	9.57	9.94	9.47	9.51	2691200	6.22	300069	金利华电	SZ
247	2013-05-15	9.37	9.51	9.25	9.47	699600	6.19	300069	金利华电	SZ
248	2013-05-14	9.53	9.54	9.17	9.25	903700	6.05	300069	金利华电	SZ
249	2013-05-13	9.55	9.55	9.35	9.5	994800	6.21	300069	金利华电	SZ
250	2013-05-10	9.51	9.63	9.37	9.54	1191300	6.24	300069	金利华电	SZ
251	2013-05-09	9.16	9.53	9.16	9.51	2178400	6.22	300069	金利华电	SZ
252	2013-05-08	9.15	9.21	9.03	9.19	924700	6.01	300069	金利华电	SZ
253	2013-05-07	9.12	9.2	8.97	9.16	836900	5.99	300069	金利华电	SZ
254	2013-05-06	8.81	9.23	8.79	9.13	1417900	5.97	300069	金利华电	SZ
255	2013-05-03	8.67	8.91	8.67	8.79	765900	5.75	300069	金利华电	SZ
256	2013-05-02	8.53	8.67	8.49	8.67	517000	5.67	300069	金利华电	SZ
260	2013-04-26	8.72	8.73	8.45	8.53	930400	5.58	300069	金利华电	SZ
261	2013-04-25	8.85	9.09	8.7	8.73	1550900	5.71	300069	金利华电	SZ
262	2013-04-24	8.63	9.07	8.55	8.92	1634000	5.83	300069	金利华电	SZ
263	2013-04-23	8.79	8.79	8.51	8.54	1168200	5.58	300069	金利华电	SZ
264	2013-04-22	8.4	8.77	8.39	8.73	1947600	5.71	300069	金利华电	SZ
265	2013-04-19	8.15	8.49	8.15	8.35	716800	5.46	300069	金利华电	SZ
266	2013-04-18	8.15	8.28	8.13	8.25	257100	5.39	300069	金利华电	SZ
267	2013-04-17	8.17	8.19	8.11	8.16	199000	5.33	300069	金利华电	SZ
268	2013-04-16	8.02	8.19	7.93	8.16	239500	5.33	300069	金利华电	SZ
269	2013-04-15	8.08	8.15	7.98	8.09	368700	5.29	300069	金利华电	SZ
270	2013-04-12	8.33	8.51	8.07	8.2	1099900	5.36	300069	金利华电	SZ
271	2013-04-11	8.1	8.63	8.05	8.44	1553500	5.52	300069	金利华电	SZ
272	2013-04-10	8.09	8.12	7.97	8.1	210900	5.29	300069	金利华电	SZ
273	2013-04-09	8.07	8.16	8.01	8.11	964200	5.3	300069	金利华电	SZ
274	2013-04-08	8.04	8.12	7.88	8.11	382100	5.3	300069	金利华电	SZ
277	2013-04-03	8.27	8.29	8.03	8.13	519700	5.31	300069	金利华电	SZ
278	2013-04-02	8.38	8.57	8.33	8.37	755800	5.47	300069	金利华电	SZ
279	2013-04-01	8.3	8.32	8.23	8.29	277200	5.42	300069	金利华电	SZ
280	2013-03-29	8.27	8.29	8.18	8.27	301900	5.41	300069	金利华电	SZ
281	2013-03-28	8.57	8.57	8.21	8.29	415900	5.42	300069	金利华电	SZ
282	2013-03-27	8.6	8.62	8.47	8.57	609500	5.6	300069	金利华电	SZ
283	2013-03-26	8.47	8.61	8.3	8.61	366600	5.63	300069	金利华电	SZ
284	2013-03-25	8.45	8.45	8.35	8.4	228500	5.49	300069	金利华电	SZ
285	2013-03-22	8.41	8.49	8.36	8.41	268200	5.49	300069	金利华电	SZ
286	2013-03-21	8.29	8.55	8.28	8.41	336500	5.49	300069	金利华电	SZ
287	2013-03-20	8.19	8.31	8.06	8.25	329000	5.39	300069	金利华电	SZ
288	2013-03-19	8.23	8.31	8.07	8.18	239200	5.35	300069	金利华电	SZ
289	2013-03-18	8.27	8.36	8.2	8.29	207400	5.42	300069	金利华电	SZ
290	2013-03-15	8.37	8.46	8.25	8.38	343700	5.48	300069	金利华电	SZ
291	2013-03-14	8.21	8.36	8.13	8.33	220000	5.44	300069	金利华电	SZ
292	2013-03-13	8.26	8.35	8.15	8.32	249100	5.44	300069	金利华电	SZ
293	2013-03-12	8.43	8.51	8.08	8.25	524300	5.39	300069	金利华电	SZ
294	2013-03-11	8.41	8.55	8.41	8.47	276400	5.53	300069	金利华电	SZ
295	2013-03-08	8.86	8.87	8.41	8.51	947300	5.56	300069	金利华电	SZ
296	2013-03-07	8.48	8.8	8.27	8.8	2030600	5.75	300069	金利华电	SZ
297	2013-03-06	8.35	8.49	8.3	8.48	896900	5.54	300069	金利华电	SZ
298	2013-03-05	8.15	8.65	8.15	8.38	1010200	5.48	300069	金利华电	SZ
299	2013-03-04	8.37	8.37	7.99	8.12	464200	5.31	300069	金利华电	SZ
300	2013-03-01	8.26	8.39	8.21	8.39	414700	5.48	300069	金利华电	SZ
301	2013-02-28	8.21	8.37	8.17	8.25	362800	5.39	300069	金利华电	SZ
302	2013-02-27	8.4	8.48	8.16	8.18	503700	5.35	300069	金利华电	SZ
303	2013-02-26	8.41	8.45	8.3	8.4	473800	5.49	300069	金利华电	SZ
304	2013-02-25	8.33	8.53	8.28	8.39	654900	5.48	300069	金利华电	SZ
305	2013-02-22	8.19	8.86	8.19	8.43	1578300	5.51	300069	金利华电	SZ
306	2013-02-21	8.19	8.24	8.11	8.17	340500	5.34	300069	金利华电	SZ
307	2013-02-20	8.1	8.23	8.07	8.22	303700	5.37	300069	金利华电	SZ
308	2013-02-19	8.24	8.24	8	8.07	304300	5.28	300069	金利华电	SZ
309	2013-02-18	8.06	8.25	8.03	8.23	429700	5.38	300069	金利华电	SZ
315	2013-02-08	8.05	8.1	7.98	8.07	468100	5.27	300069	金利华电	SZ
316	2013-02-07	8.07	8.07	7.95	8.04	279800	5.25	300069	金利华电	SZ
317	2013-02-06	8.15	8.15	8	8.06	465900	5.27	300069	金利华电	SZ
318	2013-02-05	8.11	8.12	7.99	8.12	270400	5.31	300069	金利华电	SZ
319	2013-02-04	7.96	8.11	7.96	8.09	196700	5.29	300069	金利华电	SZ
320	2013-02-01	7.92	8.07	7.92	8.07	270500	5.28	300069	金利华电	SZ
321	2013-01-31	8.01	8.19	7.89	8.01	336700	5.24	300069	金利华电	SZ
322	2013-01-30	8.12	8.13	8.01	8.11	503200	5.3	300069	金利华电	SZ
323	2013-01-29	8.15	8.22	8.09	8.22	384300	5.37	300069	金利华电	SZ
324	2013-01-28	8.05	8.17	7.96	8.16	241100	5.33	300069	金利华电	SZ
325	2013-01-25	7.87	8.11	7.87	8.01	203400	5.24	300069	金利华电	SZ
326	2013-01-24	8.17	8.3	7.97	8.05	554700	5.26	300069	金利华电	SZ
327	2013-01-23	8.25	8.37	8.12	8.25	471500	5.39	300069	金利华电	SZ
328	2013-01-22	8.49	8.51	8.21	8.38	515700	5.48	300069	金利华电	SZ
329	2013-01-21	8.41	8.52	8.37	8.51	497600	5.56	300069	金利华电	SZ
330	2013-01-18	8.44	8.53	8.25	8.41	1045800	5.49	300069	金利华电	SZ
331	2013-01-17	9.08	9.12	8.28	8.44	1789300	5.52	300069	金利华电	SZ
332	2013-01-16	8.57	8.63	8.25	8.4	714800	5.49	300069	金利华电	SZ
333	2013-01-15	8.43	8.51	8.35	8.5	666600	5.56	300069	金利华电	SZ
334	2013-01-14	8.17	8.41	8.13	8.41	861900	5.49	300069	金利华电	SZ
335	2013-01-11	8.33	8.41	8.07	8.16	653100	5.33	300069	金利华电	SZ
336	2013-01-10	8.35	8.39	8.27	8.33	276500	5.45	300069	金利华电	SZ
337	2013-01-09	8.27	8.39	8.2	8.35	364100	5.46	300069	金利华电	SZ
338	2013-01-08	8.14	8.31	8.07	8.29	470300	5.42	300069	金利华电	SZ
339	2013-01-07	8	8.19	7.97	8.16	180000	5.33	300069	金利华电	SZ
340	2013-01-04	8.23	8.23	8.01	8.1	183900	5.29	300069	金利华电	SZ
344	2012-12-31	8.25	8.25	7.43	8.17	387800	5.34	300069	金利华电	SZ
345	2012-12-28	8.21	8.31	8.14	8.25	262000	5.39	300069	金利华电	SZ
346	2012-12-27	8.43	8.63	8.21	8.21	515500	5.36	300069	金利华电	SZ
347	2012-12-26	8.23	8.5	8.13	8.47	927200	5.54	300069	金利华电	SZ
348	2012-12-25	8.24	8.33	8.04	8.31	839800	5.43	300069	金利华电	SZ
349	2012-12-24	7.8	8.27	7.79	8.11	890000	5.3	300069	金利华电	SZ
350	2012-12-21	7.69	7.93	7.69	7.81	354100	5.11	300069	金利华电	SZ
351	2012-12-20	7.64	7.79	7.64	7.75	499300	5.07	300069	金利华电	SZ
352	2012-12-19	7.86	7.86	7.66	7.67	845000	5.01	300069	金利华电	SZ
353	2012-12-18	8.07	8.13	7.79	7.91	1627600	5.17	300069	金利华电	SZ
354	2012-12-17	8.15	8.22	7.88	8.15	968700	5.33	300069	金利华电	SZ
355	2012-12-14	7.58	8.13	7.5	8.04	1349300	5.25	300069	金利华电	SZ
356	2012-12-13	7.1	7.65	7.1	7.58	1148300	4.95	300069	金利华电	SZ
357	2012-12-12	7.11	7.31	7.11	7.18	332100	4.69	300069	金利华电	SZ
358	2012-12-11	7.22	7.27	7.15	7.25	181400	4.74	300069	金利华电	SZ
359	2012-12-10	7.11	7.29	7.02	7.25	309300	4.74	300069	金利华电	SZ
360	2012-12-07	7.05	7.26	6.91	7.19	301300	4.7	300069	金利华电	SZ
361	2012-12-06	7.13	7.13	6.99	7.01	200500	4.58	300069	金利华电	SZ
362	2012-12-05	6.95	7.15	6.87	7.13	326000	4.66	300069	金利华电	SZ
363	2012-12-04	6.81	6.96	6.68	6.96	197000	4.55	300069	金利华电	SZ
364	2012-12-03	6.87	7.03	6.87	6.87	137600	4.49	300069	金利华电	SZ
365	2012-11-30	6.87	7.01	6.87	7.01	58200	4.58	300069	金利华电	SZ
366	2012-11-29	7.08	7.23	6.93	6.93	75500	4.53	300069	金利华电	SZ
367	2012-11-28	7.14	7.15	6.92	6.99	95400	4.57	300069	金利华电	SZ
368	2012-11-27	7.42	7.43	7.09	7.14	166300	4.67	300069	金利华电	SZ
369	2012-11-26	7.39	7.47	7.37	7.43	127300	4.85	300069	金利华电	SZ
370	2012-11-23	7.46	7.52	7.36	7.49	172600	4.9	300069	金利华电	SZ
371	2012-11-22	7.48	7.49	7.39	7.43	97900	4.85	300069	金利华电	SZ
372	2012-11-21	7.49	7.52	7.37	7.51	152400	4.91	300069	金利华电	SZ
373	2012-11-20	7.52	7.55	7.36	7.43	193700	4.86	300069	金利华电	SZ
374	2012-11-19	7.24	7.47	7.24	7.47	119400	4.88	300069	金利华电	SZ
375	2012-11-16	7.28	7.52	7.24	7.44	131600	4.86	300069	金利华电	SZ
376	2012-11-15	7.45	7.53	7.39	7.47	177100	4.88	300069	金利华电	SZ
377	2012-11-14	7.29	7.49	7.27	7.49	99600	4.89	300069	金利华电	SZ
378	2012-11-13	7.41	7.51	7.33	7.34	104300	4.8	300069	金利华电	SZ
379	2012-11-12	7.38	7.47	7.38	7.41	105500	4.84	300069	金利华电	SZ
380	2012-11-09	7.52	7.57	7.39	7.39	128100	4.83	300069	金利华电	SZ
381	2012-11-08	7.61	7.61	7.47	7.48	225700	4.89	300069	金利华电	SZ
382	2012-11-07	7.64	7.7	7.51	7.6	178200	4.97	300069	金利华电	SZ
383	2012-11-06	7.65	8.2	7.61	7.71	739400	5.04	300069	金利华电	SZ
384	2012-11-05	7.53	7.63	7.44	7.55	155200	4.93	300069	金利华电	SZ
385	2012-11-02	7.52	7.63	7.45	7.53	169700	4.92	300069	金利华电	SZ
386	2012-11-01	7.21	7.51	7.21	7.51	229500	4.91	300069	金利华电	SZ
387	2012-10-31	7.35	7.37	7.31	7.37	155000	4.81	300069	金利华电	SZ
388	2012-10-30	7.41	7.44	7.33	7.37	169000	4.81	300069	金利华电	SZ
389	2012-10-29	7.31	7.53	6.77	7.41	206400	4.84	300069	金利华电	SZ
390	2012-10-26	7.57	7.59	7.34	7.41	292800	4.84	300069	金利华电	SZ
391	2012-10-25	7.54	7.67	7.54	7.57	257800	4.95	300069	金利华电	SZ
392	2012-10-24	7.67	7.67	7.52	7.63	354400	4.98	300069	金利华电	SZ
393	2012-10-23	7.75	7.75	7.66	7.67	269800	5.01	300069	金利华电	SZ
394	2012-10-22	7.77	7.77	7.54	7.72	125800	5.05	300069	金利华电	SZ
395	2012-10-19	7.71	7.79	7.62	7.73	156900	5.05	300069	金利华电	SZ
396	2012-10-18	7.61	7.72	7.59	7.71	347600	5.04	300069	金利华电	SZ
397	2012-10-17	7.51	7.79	7.46	7.63	234800	4.99	300069	金利华电	SZ
398	2012-10-16	7.5	7.59	7.45	7.55	159300	4.94	300069	金利华电	SZ
399	2012-10-15	7.72	7.72	7.43	7.51	191600	4.91	300069	金利华电	SZ
400	2012-10-12	7.71	7.75	7.61	7.73	170800	5.05	300069	金利华电	SZ
401	2012-10-11	7.79	7.79	7.67	7.69	227800	5.02	300069	金利华电	SZ
402	2012-10-10	7.73	7.82	7.64	7.81	479400	5.11	300069	金利华电	SZ
403	2012-10-09	7.6	7.75	7.59	7.73	551800	5.05	300069	金利华电	SZ
404	2012-10-08	7.67	7.67	7.51	7.59	141100	4.96	300069	金利华电	SZ
410	2012-09-28	7.58	7.59	7.47	7.58	211200	4.95	300069	金利华电	SZ
411	2012-09-27	7.39	7.57	7.28	7.55	300200	4.94	300069	金利华电	SZ
412	2012-09-26	7.53	7.53	7.3	7.4	290700	4.84	300069	金利华电	SZ
413	2012-09-25	7.59	7.59	7.44	7.5	203400	4.9	300069	金利华电	SZ
414	2012-09-24	7.35	7.57	7.28	7.57	292900	4.95	300069	金利华电	SZ
415	2012-09-21	7.56	7.56	7.38	7.44	268900	4.86	300069	金利华电	SZ
416	2012-09-20	7.69	7.69	7.43	7.53	489600	4.92	300069	金利华电	SZ
417	2012-09-19	7.61	7.69	7.5	7.68	238700	5.02	300069	金利华电	SZ
418	2012-09-18	7.5	7.65	7.49	7.57	257000	4.95	300069	金利华电	SZ
419	2012-09-17	7.89	7.89	7.61	7.61	620300	4.98	300069	金利华电	SZ
420	2012-09-14	8.4	8.4	7.96	7.96	1511000	5.2	300069	金利华电	SZ
421	2012-09-13	8	8	7.84	7.84	469900	5.12	300069	金利华电	SZ
422	2012-09-12	8	8.04	7.87	7.93	313100	5.19	300069	金利华电	SZ
423	2012-09-11	7.94	8.06	7.89	7.97	542100	5.21	300069	金利华电	SZ
424	2012-09-10	8.02	8.02	7.87	7.95	641500	5.2	300069	金利华电	SZ
425	2012-09-07	7.81	7.99	7.75	7.93	871100	5.18	300069	金利华电	SZ
426	2012-09-06	7.74	7.77	7.55	7.75	263500	5.06	300069	金利华电	SZ
427	2012-09-05	7.62	7.71	7.49	7.68	312800	5.02	300069	金利华电	SZ
428	2012-09-04	7.67	7.67	7.55	7.61	241300	4.98	300069	金利华电	SZ
429	2012-09-03	7.47	7.59	7.45	7.59	215900	4.96	300069	金利华电	SZ
430	2012-08-31	7.45	7.49	7.37	7.47	125400	4.88	300069	金利华电	SZ
431	2012-08-30	7.49	7.52	7.27	7.45	227300	4.87	300069	金利华电	SZ
432	2012-08-29	7.41	7.53	7.41	7.45	218700	4.87	300069	金利华电	SZ
433	2012-08-28	7.38	7.53	7.37	7.44	168100	4.86	300069	金利华电	SZ
434	2012-08-27	7.54	7.59	7.37	7.39	142000	4.83	300069	金利华电	SZ
435	2012-08-24	7.74	7.77	7.61	7.61	223700	4.97	300069	金利华电	SZ
436	2012-08-23	7.67	7.76	7.64	7.74	253400	5.06	300069	金利华电	SZ
437	2012-08-22	7.69	7.77	7.64	7.67	204100	5.01	300069	金利华电	SZ
438	2012-08-21	7.65	7.77	7.6	7.73	389100	5.05	300069	金利华电	SZ
439	2012-08-20	7.48	7.63	7.48	7.63	278700	4.98	300069	金利华电	SZ
440	2012-08-17	7.48	7.57	7.47	7.57	121400	4.95	300069	金利华电	SZ
441	2012-08-16	7.48	7.61	7.48	7.51	163500	4.91	300069	金利华电	SZ
442	2012-08-15	7.57	7.57	7.48	7.5	445700	4.9	300069	金利华电	SZ
443	2012-08-14	7.81	7.81	7.57	7.62	1098500	4.98	300069	金利华电	SZ
444	2012-08-13	7.83	8.4	7.83	7.87	1763200	5.14	300069	金利华电	SZ
445	2012-08-10	7.8	7.8	7.67	7.71	254800	5.04	300069	金利华电	SZ
446	2012-08-09	7.67	7.83	7.54	7.75	329700	5.07	300069	金利华电	SZ
447	2012-08-08	7.59	7.71	7.57	7.71	203100	5.04	300069	金利华电	SZ
448	2012-08-07	7.6	7.66	7.57	7.59	159000	4.96	300069	金利华电	SZ
449	2012-08-06	7.4	7.6	7.4	7.6	255600	4.97	300069	金利华电	SZ
450	2012-08-03	7.43	7.52	7.3	7.49	105200	4.9	300069	金利华电	SZ
451	2012-08-02	7.42	7.53	7.35	7.38	94700	4.82	300069	金利华电	SZ
452	2012-08-01	7.22	7.41	7.22	7.4	181400	4.84	300069	金利华电	SZ
453	2012-07-31	7.26	7.42	7.21	7.31	117100	4.78	300069	金利华电	SZ
454	2012-07-30	7.6	7.6	7.33	7.34	118900	4.8	300069	金利华电	SZ
455	2012-07-27	7.6	7.6	7.5	7.52	93600	4.92	300069	金利华电	SZ
456	2012-07-26	7.65	7.65	7.51	7.56	287300	4.94	300069	金利华电	SZ
457	2012-07-25	7.68	7.89	7.6	7.72	494400	5.05	300069	金利华电	SZ
458	2012-07-24	7.79	8.23	7.77	7.91	1216100	5.17	300069	金利华电	SZ
459	2012-07-23	7.63	7.63	7.37	7.49	170300	4.89	300069	金利华电	SZ
460	2012-07-20	7.57	7.65	7.48	7.59	230500	4.96	300069	金利华电	SZ
461	2012-07-19	7.45	7.56	7.33	7.53	193600	4.92	300069	金利华电	SZ
462	2012-07-18	7.43	7.59	7.25	7.4	96100	4.84	300069	金利华电	SZ
463	2012-07-17	7.21	7.41	7.17	7.41	184000	4.85	300069	金利华电	SZ
464	2012-07-16	7.61	7.65	7.2	7.22	321600	4.72	300069	金利华电	SZ
465	2012-07-13	7.61	7.75	7.57	7.67	262900	5.02	300069	金利华电	SZ
466	2012-07-12	7.72	7.79	7.5	7.75	398200	5.06	300069	金利华电	SZ
467	2012-07-11	7.87	7.87	7.67	7.72	334600	5.05	300069	金利华电	SZ
468	2012-07-10	8.12	8.12	7.8	7.88	340100	5.15	300069	金利华电	SZ
469	2012-07-09	8.13	8.31	8.01	8.01	325400	5.24	300069	金利华电	SZ
470	2012-07-06	8.17	8.21	7.93	8.19	339200	5.35	300069	金利华电	SZ
471	2012-07-05	8.28	8.28	8.07	8.19	200300	5.36	300069	金利华电	SZ
472	2012-07-04	8.32	8.38	8.2	8.27	315200	5.41	300069	金利华电	SZ
473	2012-07-03	8.21	8.35	8.16	8.32	463000	5.44	300069	金利华电	SZ
474	2012-07-02	8.11	8.29	8.08	8.25	386100	5.39	300069	金利华电	SZ
475	2012-06-29	8.1	8.17	8.01	8.11	302100	5.3	300069	金利华电	SZ
476	2012-06-28	8.09	8.21	8.07	8.09	291100	5.29	300069	金利华电	SZ
477	2012-06-27	8.24	8.27	8.07	8.13	371300	5.32	300069	金利华电	SZ
478	2012-06-26	8.32	8.32	8	8.17	258100	5.34	300069	金利华电	SZ
479	2012-06-25	8.39	8.39	8.09	8.29	458600	5.42	300069	金利华电	SZ
481	2012-06-21	8.33	8.33	8.12	8.29	500600	5.42	300069	金利华电	SZ
482	2012-06-20	8.37	8.42	8.31	8.39	365100	5.48	300069	金利华电	SZ
483	2012-06-19	8.33	8.4	8.27	8.31	419400	5.43	300069	金利华电	SZ
484	2012-06-18	8.44	8.45	8.35	8.37	537000	5.47	300069	金利华电	SZ
485	2012-06-15	8.21	8.33	8.17	8.3	359200	5.42	300069	金利华电	SZ
486	2012-06-14	8.2	8.29	8.2	8.22	475400	5.37	300069	金利华电	SZ
487	2012-06-13	8.16	8.24	8.14	8.21	374900	5.36	300069	金利华电	SZ
488	2012-06-12	8.17	8.25	8.1	8.13	296900	5.32	300069	金利华电	SZ
489	2012-06-11	8.19	8.29	8.11	8.25	466600	5.39	300069	金利华电	SZ
490	2012-06-08	8.21	8.23	8.08	8.09	154000	5.29	300069	金利华电	SZ
491	2012-06-07	8.17	8.4	8.07	8.09	220500	5.29	300069	金利华电	SZ
492	2012-06-06	8.16	8.16	8.07	8.07	116500	5.28	300069	金利华电	SZ
493	2012-06-05	8.12	8.19	8.04	8.09	192200	5.29	300069	金利华电	SZ
494	2012-06-04	8.31	8.31	8.05	8.05	464800	5.26	300069	金利华电	SZ
495	2012-06-01	8.43	8.46	8.35	8.41	302900	5.5	300069	金利华电	SZ
496	2012-05-31	8.45	8.47	8.32	8.42	519400	5.5	300069	金利华电	SZ
497	2012-05-30	8.7	8.7	8.37	8.48	1422700	5.54	300069	金利华电	SZ
498	2012-05-29	8.19	8.93	8.17	8.67	2007500	5.66	300069	金利华电	SZ
499	2012-05-28	8.06	8.13	7.86	8.12	298200	5.31	300069	金利华电	SZ
500	2012-05-25	8.2	8.21	8.01	8.09	264000	5.29	300069	金利华电	SZ
501	2012-05-24	8.21	8.23	8.02	8.19	259000	5.36	300069	金利华电	SZ
502	2012-05-23	8.19	8.25	8.15	8.21	486300	5.37	300069	金利华电	SZ
503	2012-05-22	8.2	8.21	8.13	8.14	155100	5.32	300069	金利华电	SZ
504	2012-05-21	8.13	8.19	8.09	8.11	123600	5.3	300069	金利华电	SZ
505	2012-05-18	8.28	8.33	8.15	8.16	302600	5.33	300069	金利华电	SZ
506	2012-05-17	8.2	8.43	8.2	8.36	318800	5.46	300069	金利华电	SZ
507	2012-05-16	8.35	8.35	8.21	8.22	168700	5.37	300069	金利华电	SZ
508	2012-05-15	8.4	8.4	8.2	8.36	261400	5.46	300069	金利华电	SZ
509	2012-05-14	8.51	8.53	8.33	8.42	270000	5.5	300069	金利华电	SZ
510	2012-05-11	8.37	8.58	8.35	8.44	388300	5.52	300069	金利华电	SZ
511	2012-05-10	8.45	8.49	8.28	8.41	347600	5.5	300069	金利华电	SZ
512	2012-05-09	8.54	8.66	8.3	8.4	509800	5.49	300069	金利华电	SZ
513	2012-05-08	8.53	8.59	8.47	8.59	440400	5.62	300069	金利华电	SZ
514	2012-05-07	8.43	8.71	8.39	8.51	597700	5.56	300069	金利华电	SZ
515	2012-05-04	8.3	8.47	8.25	8.47	618200	5.53	300069	金利华电	SZ
516	2012-05-03	8.4	8.45	8.25	8.32	440300	5.44	300069	金利华电	SZ
517	2012-05-02	8.33	8.46	8.33	8.41	327900	5.5	300069	金利华电	SZ
520	2012-04-27	8.27	8.31	8.21	8.29	235700	5.42	300069	金利华电	SZ
521	2012-04-26	8.49	8.49	8.29	8.3	222200	5.42	300069	金利华电	SZ
522	2012-04-25	8.33	8.57	8.11	8.39	710600	5.48	300069	金利华电	SZ
523	2012-04-24	8.27	8.4	8	8.25	483000	5.39	300069	金利华电	SZ
524	2012-04-23	8.67	8.67	8.1	8.27	974600	5.4	300069	金利华电	SZ
525	2012-04-20	8.71	8.74	8.65	8.71	517500	5.69	300069	金利华电	SZ
526	2012-04-19	8.79	8.83	8.66	8.71	372600	5.7	300069	金利华电	SZ
527	2012-04-18	8.71	8.77	8.57	8.73	494300	5.7	300069	金利华电	SZ
528	2012-04-17	8.79	8.79	8.45	8.65	780800	5.65	300069	金利华电	SZ
529	2012-04-16	8.87	9.02	8.85	8.92	410100	5.83	300069	金利华电	SZ
530	2012-04-13	8.81	8.88	8.77	8.85	684000	5.78	300069	金利华电	SZ
531	2012-04-12	8.78	8.84	8.7	8.84	1036000	5.78	300069	金利华电	SZ
532	2012-04-11	8.81	8.92	8.65	8.79	632600	5.74	300069	金利华电	SZ
533	2012-04-10	9.03	9.06	8.58	8.87	1111800	5.8	300069	金利华电	SZ
534	2012-04-09	9.67	9.67	9.19	9.23	2622100	6.03	300069	金利华电	SZ
535	2012-04-06	8.91	8.95	8.8	8.91	549000	5.82	300069	金利华电	SZ
536	2012-04-05	8.63	8.97	8.63	8.95	1005500	5.85	300069	金利华电	SZ
540	2012-03-30	8.96	8.96	8.59	8.73	703100	5.7	300069	金利华电	SZ
541	2012-03-29	9.15	9.15	8.67	8.87	230800	5.8	300069	金利华电	SZ
542	2012-03-28	9.53	9.53	8.97	9.09	266100	5.94	300069	金利华电	SZ
543	2012-03-27	9.49	9.65	9.41	9.49	187600	6.2	300069	金利华电	SZ
544	2012-03-26	9.62	9.62	9.4	9.5	216500	6.21	300069	金利华电	SZ
545	2012-03-23	9.65	9.71	9.26	9.63	522000	6.29	300069	金利华电	SZ
546	2012-03-22	9.77	9.82	9.61	9.65	303300	6.31	300069	金利华电	SZ
547	2012-03-21	9.92	9.92	9.6	9.8	760500	6.41	300069	金利华电	SZ
548	2012-03-20	9.99	9.99	9.53	9.92	576500	6.48	300069	金利华电	SZ
549	2012-03-19	9.92	9.99	9.57	9.92	777500	6.48	300069	金利华电	SZ
550	2012-03-16	9.72	9.85	9.57	9.8	858000	6.41	300069	金利华电	SZ
551	2012-03-15	9.72	9.72	9.41	9.67	791900	6.32	300069	金利华电	SZ
552	2012-03-14	9.86	9.91	9.33	9.63	968100	6.29	300069	金利华电	SZ
553	2012-03-13	9.88	9.88	9.69	9.8	636400	6.41	300069	金利华电	SZ
554	2012-03-12	9.8	9.91	9.6	9.87	1039200	6.45	300069	金利华电	SZ
555	2012-03-09	9.54	9.82	9.51	9.78	1346000	6.39	300069	金利华电	SZ
556	2012-03-08	9.35	9.63	9.21	9.54	1283900	6.24	300069	金利华电	SZ
557	2012-03-07	8.79	9.63	8.77	9.35	2329900	6.11	300069	金利华电	SZ
558	2012-03-06	8.87	8.93	8.77	8.88	395900	5.8	300069	金利华电	SZ
559	2012-03-05	8.95	9.05	8.91	8.93	360300	5.84	300069	金利华电	SZ
560	2012-03-02	8.83	8.94	8.8	8.94	580400	5.84	300069	金利华电	SZ
561	2012-03-01	8.75	8.87	8.67	8.78	390200	5.74	300069	金利华电	SZ
562	2012-02-29	8.93	8.97	8.75	8.75	486200	5.72	300069	金利华电	SZ
563	2012-02-28	9.13	9.16	8.86	8.95	856500	5.85	300069	金利华电	SZ
564	2012-02-27	9.47	9.47	9.11	9.18	803100	6	300069	金利华电	SZ
565	2012-02-24	9.09	9.38	9.09	9.28	892000	6.07	300069	金利华电	SZ
566	2012-02-23	9.05	9.3	9.03	9.1	605600	5.95	300069	金利华电	SZ
567	2012-02-22	8.89	9.14	8.81	9.11	982500	5.96	300069	金利华电	SZ
568	2012-02-21	8.83	8.91	8.6	8.9	459300	5.82	300069	金利华电	SZ
569	2012-02-20	8.91	8.95	8.8	8.83	250900	5.77	300069	金利华电	SZ
570	2012-02-17	8.91	8.91	8.67	8.85	302800	5.78	300069	金利华电	SZ
571	2012-02-16	8.87	8.91	8.7	8.85	338300	5.79	300069	金利华电	SZ
572	2012-02-15	8.76	8.96	8.64	8.86	396100	5.79	300069	金利华电	SZ
573	2012-02-14	8.72	8.76	8.6	8.76	345200	5.73	300069	金利华电	SZ
574	2012-02-13	8.65	8.97	8.51	8.75	273300	5.72	300069	金利华电	SZ
575	2012-02-10	8.59	8.69	8.49	8.64	349800	5.65	300069	金利华电	SZ
576	2012-02-09	8.31	8.6	8.29	8.51	509600	5.56	300069	金利华电	SZ
577	2012-02-08	8.16	8.46	8.16	8.41	333400	5.5	300069	金利华电	SZ
578	2012-02-07	8.35	8.35	8.17	8.2	259300	5.36	300069	金利华电	SZ
579	2012-02-06	8.27	8.53	8.23	8.49	535500	5.55	300069	金利华电	SZ
580	2012-02-03	8.05	8.29	8.05	8.24	343200	5.39	300069	金利华电	SZ
581	2012-02-02	7.95	8.17	7.91	8.13	188600	5.32	300069	金利华电	SZ
582	2012-02-01	7.9	8.09	7.88	7.93	162800	5.19	300069	金利华电	SZ
583	2012-01-31	8.05	8.05	7.89	8	137000	5.23	300069	金利华电	SZ
584	2012-01-30	8.08	8.15	7.97	8.02	163200	5.24	300069	金利华电	SZ
590	2012-01-20	8.09	8.13	7.97	8.08	177000	5.28	300069	金利华电	SZ
591	2012-01-19	7.75	8.06	7.74	7.99	258500	5.22	300069	金利华电	SZ
592	2012-01-18	8.33	8.33	7.79	7.85	478000	5.13	300069	金利华电	SZ
593	2012-01-17	7.85	8.37	7.6	8.31	691300	5.43	300069	金利华电	SZ
594	2012-01-16	8.4	8.4	7.95	7.95	900700	5.2	300069	金利华电	SZ
595	2012-01-13	9.2	9.55	8.71	8.84	1528200	5.78	300069	金利华电	SZ
596	2012-01-12	8.63	8.82	8.53	8.68	206800	5.67	300069	金利华电	SZ
597	2012-01-11	8.69	8.89	8.64	8.73	185900	5.7	300069	金利华电	SZ
598	2012-01-10	8.4	8.72	8.39	8.67	226100	5.66	300069	金利华电	SZ
599	2012-01-09	8.11	8.43	7.87	8.39	201400	5.48	300069	金利华电	SZ
600	2012-01-06	8.05	8.33	7.6	8.11	202300	5.3	300069	金利华电	SZ
601	2012-01-05	8.55	8.83	8.09	8.2	268100	5.36	300069	金利华电	SZ
602	2012-01-04	8.93	9.03	8.73	8.73	142900	5.71	300069	金利华电	SZ
603	2012-01-03	8.83	8.91	8.73	8.9	162700	5.82	300069	金利华电	SZ
604	2012-01-02	8.83	8.91	8.73	8.9	162700	5.82	300069	金利华电	SZ
605	2011-12-30	8.83	8.91	8.73	8.9	162700	5.82	300069	金利华电	SZ
606	2011-12-29	8.83	8.85	8.63	8.72	134700	5.7	300069	金利华电	SZ
607	2011-12-28	8.77	8.85	8.55	8.83	175900	5.77	300069	金利华电	SZ
608	2011-12-27	9	9.01	8.76	8.78	136100	5.74	300069	金利华电	SZ
609	2011-12-26	9.08	9.13	8.92	9	57900	5.88	300069	金利华电	SZ
610	2011-12-23	8.8	9.19	8.8	9.05	134400	5.92	300069	金利华电	SZ
611	2011-12-22	9.2	9.23	8.77	8.99	265600	5.87	300069	金利华电	SZ
612	2011-12-21	9.61	9.81	9.27	9.28	194100	6.07	300069	金利华电	SZ
613	2011-12-20	9.78	9.89	9.57	9.57	168100	6.26	300069	金利华电	SZ
614	2011-12-19	9.61	9.77	9.44	9.77	203000	6.38	300069	金利华电	SZ
615	2011-12-16	9.11	9.67	9.11	9.65	200100	6.31	300069	金利华电	SZ
616	2011-12-15	9.63	9.63	9.24	9.27	141100	6.06	300069	金利华电	SZ
617	2011-12-14	9.57	9.71	9.33	9.49	65700	6.2	300069	金利华电	SZ
618	2011-12-13	9.83	9.89	9.5	9.51	174600	6.21	300069	金利华电	SZ
619	2011-12-12	9.97	10	9.8	9.91	68400	6.48	300069	金利华电	SZ
620	2011-12-09	9.84	9.99	9.79	9.97	106000	6.52	300069	金利华电	SZ
621	2011-12-08	9.77	10.11	9.67	9.96	158900	6.51	300069	金利华电	SZ
622	2011-12-07	9.71	9.95	9.71	9.86	85000	6.44	300069	金利华电	SZ
623	2011-12-06	10.07	10.07	9.67	9.85	187000	6.44	300069	金利华电	SZ
624	2011-12-05	10.4	10.41	9.89	9.93	287800	6.49	300069	金利华电	SZ
625	2011-12-02	10.49	10.5	10.07	10.43	332400	6.82	300069	金利华电	SZ
626	2011-12-01	10.53	10.56	10.31	10.31	532200	6.74	300069	金利华电	SZ
627	2011-11-30	10.92	10.92	9.93	10.19	679600	6.66	300069	金利华电	SZ
628	2011-11-29	10.53	10.86	10.47	10.83	862600	7.08	300069	金利华电	SZ
629	2011-11-28	10.46	10.51	10.37	10.43	225000	6.82	300069	金利华电	SZ
630	2011-11-25	10.73	10.88	10.43	10.46	596900	6.84	300069	金利华电	SZ
631	2011-11-24	10.67	10.87	10.67	10.85	286600	7.09	300069	金利华电	SZ
632	2011-11-23	10.83	10.99	10.6	10.78	358400	7.05	300069	金利华电	SZ
633	2011-11-22	10.71	10.71	10.53	10.69	233900	6.98	300069	金利华电	SZ
634	2011-11-21	10.65	10.77	10.59	10.76	359700	7.03	300069	金利华电	SZ
635	2011-11-18	10.93	10.93	10.64	10.71	631100	7	300069	金利华电	SZ
636	2011-11-17	11.05	11.23	10.84	11.01	723100	7.19	300069	金利华电	SZ
637	2011-11-16	11.33	11.43	10.87	10.92	958300	7.14	300069	金利华电	SZ
638	2011-11-15	11.55	11.65	11.33	11.41	772500	7.46	300069	金利华电	SZ
639	2011-11-14	11.2	11.5	11.17	11.5	1440300	7.52	300069	金利华电	SZ
640	2011-11-11	11.23	11.37	11.04	11.08	998000	7.24	300069	金利华电	SZ
641	2011-11-10	10.83	11.65	10.75	11.24	2439700	7.35	300069	金利华电	SZ
642	2011-11-09	10.77	10.96	10.69	10.95	402300	7.16	300069	金利华电	SZ
643	2011-11-08	11	11.09	10.71	10.71	573300	7	300069	金利华电	SZ
644	2011-11-07	11.07	11.1	10.91	10.95	548000	7.16	300069	金利华电	SZ
645	2011-11-04	11.24	11.45	10.95	11.07	1198200	7.23	300069	金利华电	SZ
646	2011-11-03	11.11	11.66	10.93	11.27	2454300	7.37	300069	金利华电	SZ
647	2011-11-02	10.6	10.98	10.43	10.91	1126500	7.13	300069	金利华电	SZ
648	2011-11-01	10.69	10.88	10.57	10.85	1023900	7.09	300069	金利华电	SZ
649	2011-10-31	10.79	10.99	10.53	10.87	1664400	7.1	300069	金利华电	SZ
650	2011-10-28	11	11	10.45	10.79	2813800	7.05	300069	金利华电	SZ
651	2011-10-27	9.57	10.37	9.49	10.37	1208900	6.78	300069	金利华电	SZ
652	2011-10-26	9.33	9.59	9.23	9.43	504600	6.16	300069	金利华电	SZ
653	2011-10-25	9.16	9.44	9.05	9.4	416900	6.14	300069	金利华电	SZ
654	2011-10-24	9.16	9.2	8.76	9.19	315400	6	300069	金利华电	SZ
655	2011-10-21	9.58	9.58	8.99	9.19	329000	6	300069	金利华电	SZ
656	2011-10-20	9.68	9.77	9.34	9.51	442200	6.22	300069	金利华电	SZ
657	2011-10-19	9.95	9.99	9.77	9.85	138400	6.44	300069	金利华电	SZ
658	2011-10-18	10.09	10.15	9.87	9.87	321600	6.45	300069	金利华电	SZ
659	2011-10-17	10.22	10.27	10	10.16	360700	6.64	300069	金利华电	SZ
660	2011-10-14	10.05	10.26	10.05	10.22	371900	6.68	300069	金利华电	SZ
661	2011-10-13	10.06	10.19	9.95	10.19	603600	6.66	300069	金利华电	SZ
662	2011-10-12	9.88	10.11	9.71	10.06	585600	6.58	300069	金利华电	SZ
663	2011-10-11	10	10	9.53	9.73	424200	6.36	300069	金利华电	SZ
664	2011-10-10	9.73	10.05	9.41	9.71	108700	6.35	300069	金利华电	SZ
665	2011-09-30	9.73	9.99	9.57	9.73	218200	6.36	300069	金利华电	SZ
666	2011-09-29	10.09	10.13	9.73	9.79	150900	6.4	300069	金利华电	SZ
667	2011-09-28	10.37	10.45	10.03	10.1	181600	6.6	300069	金利华电	SZ
668	2011-09-27	10.55	10.56	10.27	10.35	178500	6.76	300069	金利华电	SZ
669	2011-09-26	10.34	10.52	10.32	10.41	123700	6.81	300069	金利华电	SZ
670	2011-09-23	10.34	10.5	10.28	10.38	207700	6.78	300069	金利华电	SZ
671	2011-09-22	10.73	10.83	10.49	10.5	378200	6.86	300069	金利华电	SZ
672	2011-09-21	10.92	10.92	10.67	10.81	748600	7.06	300069	金利华电	SZ
673	2011-09-20	10.45	10.62	10.35	10.57	311000	6.91	300069	金利华电	SZ
674	2011-09-19	10.87	10.87	10.45	10.49	230400	6.85	300069	金利华电	SZ
675	2011-09-16	10.72	11.06	10.72	10.73	316600	7.01	300069	金利华电	SZ
676	2011-09-15	10.6	10.85	10.51	10.73	441800	7.01	300069	金利华电	SZ
677	2011-09-14	10.53	10.61	10.32	10.6	299100	6.93	300069	金利华电	SZ
678	2011-09-13	10.53	10.67	10.17	10.59	566900	6.92	300069	金利华电	SZ
679	2011-09-09	10.97	10.98	10.55	10.8	257500	7.06	300069	金利华电	SZ
680	2011-09-08	11.02	11.02	10.77	10.89	542700	7.12	300069	金利华电	SZ
681	2011-09-07	10.8	11	10.73	10.97	300900	7.17	300069	金利华电	SZ
682	2011-09-06	10.75	10.95	10.57	10.73	352800	7.02	300069	金利华电	SZ
683	2011-09-05	10.97	11.15	10.77	10.86	472200	7.1	300069	金利华电	SZ
684	2011-09-02	11.13	11.19	10.99	11.16	375900	7.29	300069	金利华电	SZ
685	2011-09-01	11.3	11.43	11.01	11.13	620300	7.27	300069	金利华电	SZ
686	2011-08-31	10.99	11.46	10.81	11.39	1300400	7.44	300069	金利华电	SZ
687	2011-08-30	11.57	11.57	11.01	11.03	694200	7.21	300069	金利华电	SZ
688	2011-08-29	11.27	11.57	11.19	11.3	1179400	7.39	300069	金利华电	SZ
689	2011-08-26	11.17	11.39	10.95	11.33	908100	7.4	300069	金利华电	SZ
690	2011-08-25	11.17	11.2	10.67	11.18	1187600	7.31	300069	金利华电	SZ
691	2011-08-24	10.79	11.71	10.73	11.28	2326500	7.37	300069	金利华电	SZ
692	2011-08-23	10.4	10.77	10.33	10.75	520200	7.02	300069	金利华电	SZ
693	2011-08-22	10.25	10.39	10.15	10.33	251200	6.75	300069	金利华电	SZ
694	2011-08-19	10.17	10.3	10.14	10.27	188300	6.71	300069	金利华电	SZ
695	2011-08-18	10.79	10.79	10.42	10.43	430700	6.81	300069	金利华电	SZ
696	2011-08-17	10.65	10.99	10.48	10.74	449800	7.02	300069	金利华电	SZ
697	2011-08-16	10.81	10.81	10.56	10.62	335600	6.94	300069	金利华电	SZ
698	2011-08-15	10.62	10.78	10.57	10.72	396300	7.01	300069	金利华电	SZ
699	2011-08-12	10.54	10.66	10.45	10.55	413100	6.9	300069	金利华电	SZ
700	2011-08-11	9.93	10.47	9.93	10.45	476300	6.83	300069	金利华电	SZ
701	2011-08-10	10.26	10.44	10.2	10.25	425400	6.7	300069	金利华电	SZ
702	2011-08-09	9.86	10.25	9.57	10.17	542200	6.65	300069	金利华电	SZ
703	2011-08-08	10.87	11.07	10.17	10.27	649000	6.71	300069	金利华电	SZ
704	2011-08-05	10.94	11.2	10.87	11.02	423500	7.2	300069	金利华电	SZ
705	2011-08-04	11.34	11.57	11.25	11.36	592600	7.42	300069	金利华电	SZ
706	2011-08-03	11.27	11.65	11.25	11.45	875000	7.48	300069	金利华电	SZ
707	2011-08-02	11.35	11.55	11.21	11.47	627000	7.49	300069	金利华电	SZ
708	2011-08-01	11.21	11.63	11.05	11.49	1271400	7.51	300069	金利华电	SZ
709	2011-07-29	11.49	11.51	11.08	11.2	499900	7.32	300069	金利华电	SZ
710	2011-07-28	10.93	11.6	10.72	11.39	1068800	7.45	300069	金利华电	SZ
711	2011-07-27	10.61	10.99	10.45	10.95	714300	7.16	300069	金利华电	SZ
712	2011-07-26	10.73	10.85	10.6	10.64	477900	6.95	300069	金利华电	SZ
713	2011-07-25	11.33	11.39	10.67	10.72	953600	7.01	300069	金利华电	SZ
714	2011-07-22	11.03	11.47	10.89	11.39	1439500	7.45	300069	金利华电	SZ
715	2011-07-21	10.94	11.08	10.88	10.95	386400	7.15	300069	金利华电	SZ
716	2011-07-20	11	11.19	10.93	11.04	303800	7.22	300069	金利华电	SZ
717	2011-07-19	11.01	11.09	10.89	10.97	383000	7.17	300069	金利华电	SZ
718	2011-07-18	11.15	11.49	10.97	11.04	656700	7.22	300069	金利华电	SZ
719	2011-07-15	11.19	11.31	11.14	11.17	964200	7.3	300069	金利华电	SZ
720	2011-07-14	11	11.31	10.95	11.18	1622500	7.31	300069	金利华电	SZ
721	2011-07-13	10.47	10.98	10.47	10.93	1026800	7.14	300069	金利华电	SZ
722	2011-07-12	10.53	10.59	10.41	10.47	401300	6.85	300069	金利华电	SZ
723	2011-07-11	10.57	10.67	10.45	10.63	195600	6.95	300069	金利华电	SZ
724	2011-07-08	10.62	10.67	10.53	10.58	515700	6.92	300069	金利华电	SZ
725	2011-07-07	10.65	10.78	10.55	10.67	871300	6.98	300069	金利华电	SZ
726	2011-07-06	10.36	10.77	10.35	10.73	970400	7.01	300069	金利华电	SZ
727	2011-07-05	10.33	10.42	10.21	10.36	397600	6.77	300069	金利华电	SZ
728	2011-07-04	10.11	10.33	10.11	10.33	525000	6.75	300069	金利华电	SZ
729	2011-07-01	10.1	10.23	10	10.19	280900	6.66	300069	金利华电	SZ
730	2011-06-30	10.04	10.18	10.01	10.15	321700	6.63	300069	金利华电	SZ
731	2011-06-29	10.1	10.17	10.04	10.11	409400	6.61	300069	金利华电	SZ
732	2011-06-28	10.15	10.16	10.01	10.12	221100	6.61	300069	金利华电	SZ
733	2011-06-27	9.9	10.17	9.9	10.13	488300	6.62	300069	金利华电	SZ
734	2011-06-24	9.75	10.03	9.75	9.98	676100	6.52	300069	金利华电	SZ
735	2011-06-23	9.63	9.85	9.48	9.77	269500	6.38	300069	金利华电	SZ
736	2011-06-22	9.54	9.66	9.52	9.59	165100	6.27	300069	金利华电	SZ
737	2011-06-21	9.5	9.73	9.47	9.56	274300	6.25	300069	金利华电	SZ
738	2011-06-20	9.59	9.65	9.46	9.59	125500	6.27	300069	金利华电	SZ
739	2011-06-17	9.87	9.87	9.65	9.73	168300	6.36	300069	金利华电	SZ
740	2011-06-16	10.01	10.25	9.36	9.8	155200	6.41	300069	金利华电	SZ
741	2011-06-15	10.16	10.38	10.16	10.23	223400	5.05	300069	金利华电	SZ
742	2011-06-14	10.24	10.37	10.13	10.26	468400	5.07	300069	金利华电	SZ
743	2011-06-13	10.16	10.21	10.09	10.19	160300	5.03	300069	金利华电	SZ
744	2011-06-10	10.09	10.17	9.98	10.13	185300	5	300069	金利华电	SZ
745	2011-06-09	10.26	10.32	10.09	10.09	333300	4.98	300069	金利华电	SZ
746	2011-06-08	10.41	10.41	10.21	10.32	279300	5.1	300069	金利华电	SZ
747	2011-06-07	10.35	10.44	10.3	10.36	299500	5.12	300069	金利华电	SZ
748	2011-06-03	10.25	10.4	10.25	10.37	554700	5.12	300069	金利华电	SZ
749	2011-06-02	10.16	10.28	10.06	10.24	320500	5.06	300069	金利华电	SZ
750	2011-06-01	10.21	10.3	10.13	10.24	287600	5.06	300069	金利华电	SZ
751	2011-05-31	10.07	10.3	10.05	10.23	380400	5.05	300069	金利华电	SZ
752	2011-05-30	10.11	10.38	10	10.14	621600	5.01	300069	金利华电	SZ
753	2011-05-27	10.47	10.47	10.1	10.19	404300	5.04	300069	金利华电	SZ
754	2011-05-26	10.69	10.76	10.46	10.47	365400	5.17	300069	金利华电	SZ
755	2011-05-25	10.79	10.95	10.62	10.68	373000	5.28	300069	金利华电	SZ
756	2011-05-24	10.77	11.04	10.52	10.95	610600	5.41	300069	金利华电	SZ
757	2011-05-23	11.75	11.93	10.71	10.81	736600	5.34	300069	金利华电	SZ
758	2011-05-20	12.5	12.5	11.69	11.74	851200	5.8	300069	金利华电	SZ
759	2011-05-19	11.38	12.19	11.28	11.9	870000	5.88	300069	金利华电	SZ
760	2011-05-18	11.41	11.5	11.24	11.33	140400	5.6	300069	金利华电	SZ
761	2011-05-17	11.42	11.48	11.23	11.31	217300	5.59	300069	金利华电	SZ
